"title","location","job_url"
"Process Improvement Engineer (PIE)","Mesquite, TX","https://www.linkedin.com/jobs/view/3980252059"
"Manufacturing Engineer Senior","Grand Prairie, TX","https://www.linkedin.com/jobs/view/3976426896"
"Research Analyst/ Jr. ML Engineer/ Jr. AI Engineer/ NLP Engineer","Irving, TX","https://www.linkedin.com/jobs/view/3974167288"
"Manufacturing Engineer","Dallas, TX","https://www.linkedin.com/jobs/view/3971085950"
"Quality Engineer (QE) Associate- Grand Prairie, TX","Grand Prairie, TX","https://www.linkedin.com/jobs/view/3966685762"
"Quality Engineer - Grand Prairie, TX","Grand Prairie, TX","https://www.linkedin.com/jobs/view/3964770649"
"Quality Engineer Associate Manager - Grand Prairie, TX","Grand Prairie, TX","https://www.linkedin.com/jobs/view/3964769936"
"Engineer, Manufacturing","Plano, TX","https://www.linkedin.com/jobs/view/3955032970"
"Manufacturing Engineer","Irving, TX","https://www.linkedin.com/jobs/view/3954887752"
"Industrial Engineer","Grand Prairie, TX","https://www.linkedin.com/jobs/view/3920259943"
"Manufacturing Engineer / Grand Prairie, TX","Grand Prairie, TX","https://www.linkedin.com/jobs/view/3919408094"
"Engineering Manager Manufacturing","Arlington, TX","https://www.linkedin.com/jobs/view/3914292727"
"Manufacturing Quality Engineer","Arlington, TX","https://www.linkedin.com/jobs/view/3913349249"
"Manufacturing Engineer I","Irving, TX","https://www.linkedin.com/jobs/view/3826063994"
"Manufacturing Engineer","Grand Prairie, TX","https://www.linkedin.com/jobs/view/3981373720"
